Número Serie,Media Error,Mejor Error,Varianza Error,Media Tiempo (s)
1,0.8621642114800719,0.1571224839241333,0.19834221110209363,0.2933404207229614
2,1.5767235706298388,1.2538289572628054,0.03082194034391747,0.22809920310974122
3,0.7396766431214139,0.6346498967884371,0.002491189590342614,0.7585760593414307
4,1.4991824640118405,1.3394447641016562,0.008058597830209457,13.85479258298874
