Número Serie,Media Error,Mejor Error,Varianza Error,Media Tiempo (s)
1,0.7403527170370334,0.46387555371527456,0.15287924367689307,0.06772804260253906
2,1.359497139266621,1.2021477063975985,0.04951768804840609,0.0831683874130249
3,0.7763687240923227,0.7293154063542964,0.004428029420311329,0.2747025489807129
4,1.5084093276086783,1.4503198354752302,0.006748778192643846,4.6212990283966064
