Tiempo_s,Fitness,Desviacion
83.20148420333862,4.948777843581735,159.56576787310777
87.7291328907013,5.005622818515605,198.21368600128008
66.5923821926117,4.993267618806725,217.59193570746936
96.0230803489685,11.776573453341431,23685.89701017466
115.13381910324097,5.505053919263689,3206.997559338818
91.09343123435974,4.569354141860544,138.82182850884865
76.36792778968811,4.521661594879945,253.34700826450788
