Tiempo_s,Fitness
247.9079089164734,18.139079918205212
237.9110448360443,12.020765374059401
218.69906449317932,10.471815595254942
175.83905506134033,11.225880034343167
