media_score,varianza_params,prob_mut,prob_cross
0.7041238081243469,0.11803220899187564,0.4,0.6
0.7090520506792058,0.1191699593645414,0.30000000000000004,0.7
0.712777478448276,0.10797278590009615,0.20000000000000004,0.7999999999999999
0.7174933059038663,0.10010124455466363,0.10000000000000003,0.8999999999999999
0.7260873008098224,0.08808173623386642,0.20000000000000004,0.7999999999999999